{
    "schemaId": "connection",
    "displayName": "GitLab Connections",
    "version": "0.0.3",
    "dynatrace": "1",
    "ordered": true,
    "versionInfo": "Initial version",
    "description": "Authentication details for GitHub API",
    "documentation": "(for more information read the [GitLab api documentation](https://docs.gitlab.com/ee/api/rest/ \"Visit GitLab document\"))",
    "summaryPattern": "{name}",
    "multiObject": true,
    "maxObjects": 100,
    "autoMigratable": "always",
    "enums": {},
    "types": {},
    "properties": {
        "name": {
            "displayName": "Connection name",
            "description": "The name of the GitLab connection",
            "documentation": "",
            "type": "text",
            "nullable": false,
            "constraints": [
                {
                    "type": "LENGTH",
                    "customMessage": "Name has to be between 1 and 50 characters long",
                    "maxLength": 50,
                    "minLength": 1
                }
            ],
            "default": ""
        },
        "url": {
            "displayName": "GitLab URL",
            "description": "The GitLab url instance you want to connect",
            "documentation": "Include the https:// prefix",
            "type": "text",
            "nullable": false,
            "constraints": [
                {
                    "type": "LENGTH",
                    "customMessage": "URL has to be between 5 and 500 characters long",
                    "maxLength": 500,
                    "minLength": 5
                }
            ],
            "default": ""
        },
        "token": {
            "displayName": "GitLab token",
            "description": "The GitLab token to use for authentication",
            "documentation": "GitLab token in the form of `******`. Not a secret for now due to problems retrieving it from the API functions",
            "type": "text",
            "nullable": false,
            "constraints": [
                {
                    "type": "LENGTH",
                    "customMessage": "Token has to be between 5 and 500 characters long",
                    "maxLength": 500,
                    "minLength": 5
                }
            ],
            "default": ""
        }
    },
    "schemaConstraints": [
        {
            "type": "UNIQUE",
            "customMessage": "A connection with the same name already exists. Please provide a different name.",
            "uniqueProperties": [
                "name"
            ]
        }
    ]
}