{
  "schemaId": "connection",
  "displayName": "Jenkins Connections",
  "version": "0.0.8",
  "dynatrace": "1",
  "ordered": true,
  "versionInfo": "",
  "description": "Credentials for the Jenkins App",
  "documentation": "",
  "summaryPattern": "{name}",
  "multiObject": true,
  "maxObjects": 100,
  "autoMigratable": "always",
  "types": {},
  "properties": {
    "name": {
      "displayName": "Connection name",
      "description": "The name of the Jenkins connection",
      "documentation": "",
      "type": "text",
      "nullable": false,
      "default": "",
      "constraints": [
        {
          "type": "NOT_BLANK"
        }
      ]
    },
    "url": {
      "displayName": "Jenkins URL",
      "description": "URL of the Jenkins server",
      "documentation": "",
      "type": "text",
      "subType": "url",
      "nullable": false,
      "default": "",
      "constraints": [
        {
          "type": "NOT_BLANK"
        }
      ]
    },
    "user": {
      "displayName": "User",
      "description": "Username",
      "documentation": "",
      "type": "text",
      "nullable": false,
      "default": "",
      "constraints": [
        {
          "type": "NOT_BLANK"
        }
      ]
    },
    "token": {
      "displayName": "Token",
      "description": "Jenkins Token",
      "documentation": "",
      "type": "text",
      "nullable": false,
      "default": "",
      "constraints": [
        {
          "type": "NOT_BLANK"
        }
      ]
    }
  },
  "schemaConstraints": [
    {
      "type": "UNIQUE",
      "customMessage": "A connection with the same name already exists. Please provide a different name.",
      "uniqueProperties": ["name"]
    }
  ],
  "constraints": []
}